"alavancagem","capital","ebitida","empregados","fundos","rendimentos","renteco","rentfin","resvendas"
14.566,7239.94698,10.5572295834024,224,84670.79487,330815.50786,25.49,40.036,8.18801782296374
246.293,12926.4885,10.6914481306081,611,24158.673,136077.42,6.471,32.09,4.42029357430158
25.738,120.2,8.05097665074148,236,17416.17369,96829.43207,11.449,27.957,3.75762010185353
47.105,667.5,4.25515025169737,94,10034.57748,61659.58489,4.509,16.101,2.00981588575836
550.281,97.99305,6.54733432162945,712,3367.45008,58028.62508,2.868,22.546,0.774590310695671
153.266,438.31359,4.31617655946746,404,13748.0674,55690.90331,0.241,0.783,0.136730162656354
362.975,949.4,8.45596461933108,41,3199.23094,36505.47896,6.851,42.543,2.84934795785075
248.263,240.40484,13.3812739917937,188,5053.75623,33113.10947,5.958,27.94,3.42248807347908
0.964,252.42,6.97322803973,32,8860.40752,28342.272349,15.559,22.678,5.36915200764104
1579.2,300.5,3.18278946443992,26,559.00247,27057.03189,0.791,20.08,0.314896309525373
144.794,3.01,19.1212974418805,169,7527.79885,25968.6939,5.94,20.408,4.38126021147085
55.258,194.724,2.98389767614876,153,6100.23686,22076.05059,3.686,7.833,1.63428651857119
176.035,1400.68,11.5549799719138,99,4240.0477,17985.478209,3.417,12.561,2.04285403850676
144.484,115.57463,11.6469642815115,91,3138.18008,16916.933739,8.93,29.231,4.12175779530716
323.216,83.1183,12.2988190902586,149,2128.79537,16345.37747,6.626,39.668,3.98709882239981
72.814,396.726,10.7645737012739,23,3516.4276,15738.67423,10.299,28.52,4.89580951617018
78.404,4.9883,8.14968450549923,29,3332.47306,15433.08817,11.52,28.964,4.68081539065355
130.119,72.42051,14.8506777155663,187,3759.86767,15372.46136,10.879,29.811,5.40944258273365
84.983,420.7,9.31862940878964,135,6362.46612,15262.46426,0.849,1.911,1.06280175386464
6.344,673.134,1.34312349665832,10,1654.03747,14901.92025,1.622,5.752,0.486367308272627
39.826,37.75751,2.14133708649567,51,881.34125,12761.16945,4.45,24.301,1.30878595852159
555.585,3.00506,19.2225185849793,80,1283.45803,12581.75376,2.838,23.049,1.71916038377442
3.942,51.085,2.3547079321849,16,1939.33593,11801.23819,5.345,11.429,1.41694610909539
179.694,1640,6.60135400680961,56,2671.13912,10436.28315,0.571,1.996,0.367994310083294
33.565,60.5,1.90380772132327,10,798.93264,10266.25051,3.808,11.611,0.769317312670481
116.334,393.06185,19.2637429253049,56,2713.05857,7449.13646,9.202,24.027,8.07756780684418
168.756,1502.5,8.73051163070021,61,2612.33295,7166.71728,1.811,6.294,2.16403004544001
398.463,102.12145,2.88671062338169,22,426.2482,6894.85024,3.814,25.031,1.11022578487582
46.198,60.2,3.81705727080338,2,867.97992,6775.85655,4.861,20.725,1.987887328109
10.005,60.19999,18.01633094577,29,1289.86381,6568.71222,43.887,76.641,11.2866609469677
52.741,72.1212,10.7366936896359,39,2667.84776,6290.63702,7.141,13.683,4.45607995549577
77.514,83.2385,6.50702765158912,35,1325.00522,5627.2652,3.986,8.503,1.76615459393704
19.216,240.40484,23.5156059785229,35,2843.48912,5537.970909,17.758,25.66,10.0231531728288
515.743,62,9.98120915144638,2,260.26251,5480.7683,3.238,29.138,1.65782114285766
7.564,60,24.8250615875637,60,1893.54869,5330.86591,25.112,44.832,12.1315528974633
6.059,184.45,31.8192143660293,44,6091.191,5323.33577,15.957,18.17,15.7136687814222
2022.607,3.006,7.12852393115926,28,83.00302,5182.139229,1.24,44.757,0.251857510934305
72.405,120.20242,8.90476627100921,44,1260.49912,5138.52556,5.406,12.206,2.46049726855673
206.363,60.31,2.76182608160356,24,420.35934,5003.204899,2.229,17.75,1.13304397418259
111.919,246.41496,9.50815875642179,15,816.83407,4991.07178,7.862,29.668,3.59538519821904
18.905,60.105,2.74920910067327,69,2450.80074,4863.22983,-4.203,-6.113,-2.9501928125617
152.111,63,1.66388622865371,6,443.729,4769.52872,1.847,10.165,0.709961134365655
60.57,297.0121,16.3056850874163,49,3386.86676,4627.26951,0.635,1.151,0.643248651959139
468.289,253,6.26411965310265,29,375.23473,4512.99154,1.639,13.794,0.803074405940499
5.192,12.03,10.9567703712045,29,2125.02606,4510.48195,12.138,18.913,6.83429488052844
18.187,42,20.1999481444717,30,2561.88305,4433.94945,17.57,23.534,0.81213816315311
688.971,476.0003,7.23194464477791,49,538.36108,4381.24756,0.676,6.606,0.505151070489807
69.543,187.92,11.7285342739708,37,1486.82908,4360.887359,7.585,15.161,3.8076454070535
452.073,20,9.53983504722325,33,370.20218,4334.19318,4.617,32.041,2.01772962967008
20.816,154.2,5.70455873242127,12,723.61251,4268.61816,12.59,25.289,3.29893128693432
22.162,21.63648,9.57483601687328,29,2094.46082,4196.844679,4.924,8.587,3.29969144408303
7.505,63.1062,21.5595451208846,22,2131.6595,4050.45743,15.51,20.358,8.57801980508781
21.848,177.29857,10.2963159949374,16,1506.89059,3995.19945,8.397,15.225,4.28839466325017
253.185,63.006,12.4508829200968,13,724.58592,3980.432889,6.047,23.894,3.59068615973147
491.142,160.55,7.55007965557884,18,417.27888,3972.67958,6.377,47.137,3.71370545248392
69.269,60.10122,0.831753239186732,3,180.68665,3921.67033,1.03,7.594,0.271194391803964
36.181,3.00506,13.6023969799028,39,1367.81406,3861.53117,12.273,24.28,6.36063666311865
0.879,99.06,0.599181719449556,5,525.65568,3649.50689,0.775,2.078,0.224567495711395
192.923,60.2,4.00307916440146,4,272.11749,3578.28247,1.521,8.941,0.446047513962753
192.876,114.436,1.63222376992958,11,368.12132,3570.27334,0.474,2.651,0.113183733356748
37.936,60.3,6.08217826042587,4,221.58776,3419.65681,8.889,69.764,3.40870721072007
16.893,111.126,16.4559810637584,11,1379.11994,3277.6829,15.123,25.012,7.98101877842943
319.382,154.46011,3.97882693396327,28,446.68051,3227.08482,0.647,3.792,0.524937240416259
15.369,321,2.25428335308364,26,347.61679,3177.26784,2.287,9.206,0.755466369495623
223.924,360.60726,8.04761571604516,37,847.79552,3081.573429,1.614,6.496,1.34879051762379
268.588,84.78,19.7003400236216,38,477.1559,3055.84977,7.401,36.552,4.32520492364562
630.894,3.1,11.4282747958261,27,244.13002,3045.32413,5.124,59.007,3.51623753101119
54.97,168,1.97724183651006,8,554.42066,3033.11899,0.812,2.694,0.226155782806136
51.708,1549.6865,3.39690190353578,3,719.03051,3032.52658,5.28,12.596,2.00107490233028
50.161,60.45,0.608267749521038,3,157.36143,2971.9478,0.818,5.502,0.218511576818408
48.027,754.3805,15.3363957011722,24,1435.36099,2961.80836,2.233,4.336,1.71945054540936
25.092,1202.02421,-3.52341240863239,13,3434.04324,2895.44474,-3.716,-4.877,-4.56489471532954
500.048,127.5,2.51989074230049,27,108.52043,2862.33624,-2.894,-34.783,-1.09596788021452
80.214,600,19.2442056312874,21,1301.53132,2776.09106,5.494,12.209,4.37915107996135
-1173.596,60,-17.6902163626058,28,-43.34483,2749.41969,-47.032,1355.158,-17.3356429805262
151.506,60.1,3.41285661772973,27,214.55508,2729.11214,2.183,11.352,0.665610344846143
17.615,60.3,2.31497056013402,2,141.62465,2699.56392,5.03,37.726,1.50259898272755
76.821,3.5,23.265609358213,18,252.00795,2691.93787,7.659,38.931,2.73347727746777
98.458,110.5,12.3176309088727,16,609.65678,2690.1557,6.101,16.451,2.63444156782449
4.355,62,10.268670982161,13,739.70368,2655.30414,15.855,29.409,6.30037416604085
49.225,39.6668,6.99218502641071,8,957.87831,2611.25382,4.08,8.359,2.36387027452451
556.47,60.03,4.16523199001441,5,222.61262,2601.46266,1.96,21.82,1.42584445273034
159.752,19,14.0989683067251,54,514.56406,2585.75366,14.758,48.287,7.25227397009542
81.549,190.4,8.95773885808212,26,774.59989,2568.805619,5.795,12.474,2.79680062216188
260.144,100.5,8.57606158883384,5,344.61618,2538.69183,1.773,8.386,0.852655305011355
319.374,70,14.4115449466974,23,193.51168,2538.34,15.161,82.891,4.73943482748568
85.614,3.00506,6.85273758769469,7,357.63037,2516.12305,4.01,17.473,1.76955932262534
4.698,10.217,4.45939604019177,19,1229.98342,2444.42328,2.761,3.992,1.60211054758655
25.545,12.62125,2.7632313441087,21,213.02396,2383.350539,1.781,4.76,0.271328724296581
0.013,272.854,-13.178607077171,16,8389.828448,2366.11152,-4.948,-5.247,-14.0806448835117
401.973,60.3,1.55089149173975,4,121.23142,2358.20602,1.781,18.916,0.778635770274909
110.228,138,3.44076707878419,12,335.47413,2328.32624,3.246,12.408,1.32344387695236
86.458,60.2,2.0388403912006,5,307.47616,2300.5793,2.446,12.202,1.63089574873598
174.016,102.17206,7.17109171820853,11,302.37274,2282.29545,1.692,8.205,0.835789248933568
67.434,33.055,7.93406840283598,20,1570.09725,2249.62074,0.138,0.322,0.170353652702479
100.479,60.3,17.4907081623879,17,605.42626,2249.12185,12.843,31.603,6.50174111287034
1.065,91.0818,5.90360207518231,57,771.67743,2245.07696,5.796,7.47,1.75829785362904
250.816,135.56,14.0276335220454,24,428.09837,2195.9958,4.492,17.425,2.54998346045855
8.714,360.01,-2.57033860502835,19,2652.64718,2125.087929,-6.831,-7.93,-9.89198586476965
174.979,60,9.96209065094968,18,252.93991,2090.62448,11.371,50.988,4.62640175860226
616.625,60.3,14.1255283309918,17,224.20648,2086.96824,0.574,4.996,0.405767075784536
247,406.049,11.1696375598834,18,417.17078,2082.95974,1.296,5.645,0.856855376842179
976.686,3.00506,1.68841740979193,20,120.45052,2070.18478,-0.479,-15.518,-1.39685138752309
230.389,30.05061,12.579317768896,21,227.13483,2047.41188,9.426,42.898,3.58700309161663
396.515,110,-2.78161384900612,13,192.25227,2038.28926,-5.788,-32.806,-3.64088846101934
197.61,60,1.46045472361277,16,100.22998,2014.57803,0.831,10.792,0.280544606157549
781.432,63.1,2.41303842815905,23,79.19752,1997.41991,1.249,15.241,0.359118779385753
19.807,34,18.8871168812631,25,745.25447,1975.33637,15.272,28.304,8.09230126208834
128.968,10,13.4429155381844,21,461.12028,1922.67343,8.266,24.337,3.99019339794844
59.847,226.734,13.7782896580763,17,475.011,1919.8933,19.117,40.149,7.45017704890162
753.283,60.11,7.87383613113438,5,110.20119,1916.98465,0.364,4.213,0.185613379846312
189.341,9,13.4835383258718,7,350.44368,1912.6062,12.956,49.31,6.62253107827424
-1310.75,65.9297,10.6103159332914,29,-64.84877,1871.00336,2.576,-65.261,2.2353396402874
39.402,62.4,4.81071894141915,17,288.70851,1854.99049,2.036,5.175,0.602210200903917
6.306,601,1.22708449346393,12,1569.72959,1840.04472,-0.696,-0.908,-0.605318417149029
48.676,180.30363,2.89057837761158,24,568.97691,1827.34141,4.067,9.272,2.0750961838377
532.399,9.08,2.09018807766192,15,41.72799,1809.01228,2.019,41.597,0.611854331911998
137.996,60.103,8.5668533923287,52,508.54956,1805.60613,0.872,2.907,0.614091845157836
234.873,169.2,6.6079710831787,17,202.96067,1799.93781,2.185,9.916,0.73151360712846
1128.425,3.02,13.6002667715104,20,62.40583,1798.33296,0.622,17.414,0.453229751180226
112.405,90,6.45354285409183,11,216.86835,1795.36578,-0.052,-0.355,-0.0429433382650303
93.964,282,8.20574938023584,11,375.36775,1779.21526,3.449,8.122,1.17867496485094
130.274,60,11.3694564148482,8,254.20228,1759.47374,9.578,37.27,4.13092894469684
161.475,92.3,8.11446817255654,6,132.36588,1746.06654,4.084,26.596,1.51253142610905
87.719,96.32093,9.99218377679773,15,718.86342,1693.93832,3.696,7.967,2.45646488474267
162.483,3.12496,11.3203328268766,16,702.88144,1686.77014,1.25,4.658,1.64818440947669
11.968,168,4.24581019567752,8,276.32642,1670.24447,6.253,23.282,2.88858971645031
0.651,3.00506,3.16446704810413,3,298.92386,1662.47612,5.887,13.438,1.90178370802704
12.791,4.146979,30.5250153044565,18,1559.38272,1638.825669,18.906,25.306,18.4022303698598
76.665,60.10121,6.24023571329421,19,1308.16268,1627.90309,-2.426,-4.925,-3.09652707889387
82.417,60,17.5109894407691,11,449.34611,1627.07779,16.86,40.92,8.57970718167077
227.238,90.15182,6.47361478400509,5,107.27272,1567.91288,5.894,55.918,2.86933225524622
37.017,63,9.63749670626353,2,255.41214,1566.19239,9.943,29.863,3.64741971450902
18.934,49.5835,8.56881583389085,21,602.42388,1563.05132,2.413,4.913,1.40206400900516
1678.685,3.00506,4.41502926553447,15,37.33687,1556.99021,3.34,101.478,1.47062907148211
359.658,29.449,2.19674004840107,9,96.69258,1543.51126,1.517,14.251,0.639297571434626
42.299,130.18,12.3277426044747,6,298.85064,1527.03996,19.077,45.831,6.78810199311038
75.658,60,-2.21628019798735,4,107.86537,1525.56,-5.129,-32.602,-2.30550234372439
284.645,60,10.5616859040354,12,271.84031,1508.40709,3.63,16.536,1.94698567745396
100.818,3.1,23.0590258582248,19,382.98407,1498.17864,18.667,48.357,9.32887349134814
47.133,60.2,8.71910898674772,6,463.10702,1496.72656,2.9,7.581,1.75929596652578
977.416,3.006,7.65468395169207,27,85.63541,1484.05683,2.344,38.303,2.21024487316972
222.653,3.1,5.37257744083724,14,151.18205,1469.84852,1.086,5.251,0.359241100572731
43.4,153.0146,3.66482912473736,15,869.11722,1451.10756,1.081,2.955,1.33059264949656
19.141,597,19.4501103569996,1,943.9458,1450.20788,9.699,13.676,6.50525576767962
223.033,90,18.107778578773,8,184.44804,1446.90023,3.605,17.042,1.63186075188418
756.129,60.122,5.63720074453586,8,72.32333,1439.109829,1.077,13.198,0.444821849463576
136.295,20,11.0157174032478,50,173.16409,1437.00137,11.531,52.925,4.19922146629547
405.343,18,8.40978481427467,12,113.18003,1424.77741,7.132,41.103,2.31883540539686
107.48,6.01,7.99326147510359,13,226.61685,1423.56972,1.924,6.799,0.764960777614742
3002.002,60.70222,9.8916103597525,14,76.98065,1397.200079,2.411,88.33,3.67027159391771
203.228,3.006,22.9533846749711,11,367.15569,1375.43331,1.492,5.143,1.04182745382845
732.754,29.5,5.47681352770898,10,72.5065,1357.36781,1.229,16.056,0.598231511890505
72.666,49.02,9.35510998389706,20,169.63425,1353.37403,7.972,30.878,2.78966487926475
42.705,60,1.27427614761651,6,74.53446,1352.66305,0.871,5.813,0.240267850177687
173.392,74.1,8.13589676484303,16,333.13032,1335.89994,0.536,1.755,0.328578501171278
195.544,66,6.25251739120189,10,93.96159,1330.32065,1.442,7.217,0.330630062759681
608.255,25.1,13.1058364191232,13,71.97956,1320.72883,1.626,15.086,0.554362851305366
96.608,280.5,14.7529118356866,10,605.33651,1319.10345,4.81,11.176,3.84711676707388
0.451,42.098,23.5871571148347,3,646.35787,1303.71096,34.871,40.258,15.350310755255
151.635,43.3,12.6879353393301,18,693.55392,1292.29221,1.39,3.884,1.5636548640961
6.735,103,14.9893730927813,23,696.91915,1290.04608,15.931,20.094,8.09714099514957
1141.43,6.01012,11.96573500909,16,206.7111,1290.028529,2.41,33.138,4.09611854598463
85.203,220.00506,4.47482132393471,28,517.37675,1288.8128,1.52,4.043,1.12293499878338
19.081,64,17.842370620566,9,363.22148,1256.498,29.499,51.725,11.2143839464926
72.946,60.008,8.12274163836725,3,184.55571,1250.50278,8.426,29.954,2.96925369490182
215.974,240,7.63709476284243,5,265.31881,1245.19128,1.173,4.557,0.683121888410815
123.476,60,3.47704456073454,6,161.78333,1244.49344,1.25,6.445,0.628959337293979
25.169,100,6.77101106008214,21,135.11066,1235.888559,7.922,30.572,2.84970116887577
363.144,35.5,15.6233613052931,8,172.66225,1230.41909,4.698,28.32,2.98233506763943
132.536,46,10.8714284704878,5,115.81648,1203.28469,21.345,88.836,6.25578807757643
36.394,63,12.0139693166951,8,207.55722,1191.17351,22.159,56.612,7.39832940039105
1017.599,19,9.42431712081841,8,53.56766,1177.67355,1.792,34.606,1.11885420199851
281.792,60.146,10.7405052896951,9,173.60084,1172.45415,1.821,8.477,0.941476474794345
25.981,154.457,4.96631208051423,15,237.92392,1170.02228,4.904,9.934,1.51512327166355
99.246,6.01012,0.185999375310186,17,321.37681,1144.10704,0.045,0.197,0.044810902139517
271.235,15,2.88117429264499,3,44.30005,1124.12047,15.323,65.565,1.85760962079091
372.971,24,13.1047743901932,9,155.91905,1112.53475,2.724,18.01,2.05600409335529
119.769,59,9.88769405398176,7,159.46861,1106.522,11.665,47.146,4.93326567388629
2775.88,156,11.2849958686165,19,21.51037,1096.13403,5.245,221.449,4.34569119252688
-155.907,208,6.23740343211007,14,-145.55042,1088.88291,9.769,-24.93,3.33241982831744
579.098,27,14.8390665108519,11,76.97265,1086.22109,3.14,30.987,1.52779743946971
214.521,9,6.53521357553144,11,132.80856,1057.32817,4.159,20.795,1.87823204902486
20.795,44,5.84863377307146,2,85.16801,1051.3151,0.434,1.539,0.093509548183984
478.594,89,15.1200767750147,12,122.53113,1049.363,2.732,20.452,1.68985864242702
181.112,61.46,6.21048260949396,9,200.1425,1042.31642,5.471,24.739,3.5627741525937
4.245,55,4.15380515622384,2,70.4061,1041.259559,13.34,29.175,1.47961493112896
44.243,32,8.37560495327484,1,156.21739,1036.42815,10.589,34.947,3.99140521161763
7063,60.40171,4.30262591020878,9,3.79615,1025.03543,2.496,409.558,1.26778056832631
161.553,60,4.82065367335077,5,177.964,1016.61296,1.601,6.616,1.15828053185551
140.167,224.25,-1.76735620385638,18,190.26178,999.33166,-3.767,-13.871,-2.64100006538392
22.074,270.4545,17.5632676668561,11,693.56534,998.961519,9.746,13.744,6.53376422622135
51.9,6.01012,13.0543076668347,9,256.92976,997.85874,1.46,6.109,1.14363281520188
62.445,77,13.8141663830474,6,164.55721,993.09502,17.99,41,5.01519006119379
528.484,24,15.9987411019899,8,74.52492,988.22938,7.141,53.838,3.08839431590265
18.338,25.5,6.16475410492165,4,121.33167,970.71463,14.723,25.483,2.38888745294794
61.868,960,6.11649353232143,6,413.82193,942.67271,5.135,11.374,5.00252454264723
690.385,3.00506,6.06518009629956,13,61.02929,927.303049,1.034,10.642,0.515561983898452
287.276,222,14.3805626474186,8,284.42922,926.87993,0.923,4.178,0.961633725308951
180.274,28,7.93142157729684,10,140.89061,923.97459,9.547,41.913,4.79338073571915
114.477,240.52504,74.1108209436089,2,4995.71993,918.12104,4.186,9.229,38.2340274001345
526.019,70,14.2305899296087,12,118.21341,884.84703,-1.477,-12.487,-3.36399525217769
0.086,214.8,1.82666530218288,6,485.07102,882.97128,0.724,1.288,0.578621311442882
256.2,89.3,18.2378414629169,6,34.16523,871.97353,47.517,404.18,11.5208749513302
7.133,122.60808,8.70254781632965,9,351.54738,866.44511,2.49,3.278,0.189602316527587
199.05,80,16.1754058370987,7,147.44558,853.19578,2.322,8.584,1.06918484758563
367.19,3.00506,1.06038349692444,22,43.21476,835.67502,-5.993,-51.427,-2.06389321054493
23.964,60.10121,21.4588555221853,8,446.74632,830.89352,8.084,16.072,6.71042181193085
144.546,20,8.8444279508364,7,109.58629,826.63673,4.643,19.49,1.93788025847823
443.52,45.01,4.80468735993289,9,46.64778,815.2997,1.722,13.804,0.731238353317632
204.357,23.006,12.7794490743412,6,129.44322,811.79156,9.239,38.388,4.78765386523605
22.52,407.48,17.6116541012775,9,568.84052,809.57274,6.764,9.681,5.53939271279849
15.645,26.44453,23.5175416988163,8,333.20322,808.39637,29.46,51.405,14.5727220266563
4.773,3.006,26.9326878106529,17,232.26859,794.41154,44.918,88.292,19.5438940879434
279.181,60,5.24137008193602,5,131.00046,788.42,3.172,16.716,1.89834479084752
156.437,3.00506,15.0561527397758,7,141.42078,780.82922,7.394,24.884,3.3944106241311
156.241,130,13.090042877072,9,179.81063,779.79905,5.298,17.945,3.10350467854507
39.985,18.03036,23.939626971523,9,356.534,777.464909,15.527,35.896,13.4946498513195
175.745,73.3,9.30311835122161,5,223.46162,767.78202,1.891,8.547,1.61682608821707
94.586,60,4.35063361372842,1,79.90535,752.26353,0.595,2.777,0.221297448781014
18.248,186.31242,-52.8102831327397,1,613.42363,747.282,-40.154,-66.709,-54.7598804735026
6.394,320.677,5.37264161591111,5,308.66819,746.46185,2.648,3.93,1.62533021613898
52.312,24,6.8412733306285,6,105.64689,745.25907,0.265,3.72,0.395512127078172
51.36,33.05567,10.9397242515181,6,214.81292,732.07186,6.247,14.638,3.25957609277563
183.896,4.5,2.96597332255999,14,24.98008,720.59313,5.084,41.501,1.07900834414006
-500.194,72.12145,8.88121373555358,11,-107.00835,717.06769,6.289,-35.8,4.01375213284527
1125.377,6.01,12.850557043891,8,145.21367,711.78323,1.339,19.503,4.14373207415971
38.857,353.13506,12.5343672077297,7,657.78874,711.35398,1.464,2.342,1.62485911725692
0.015,48.08097,11.0415074598174,8,430.43714,696.5519,0.679,0.922,0.139189915353041
33.646,60.2,10.0889345317724,19,84.98474,695.70052,24.195,54.93,6.23825320699775
-521.766,20,5.50027287599644,6,-37.44575,694.87607,-8.789,79.99,-3.26868789710948
22.413,60,8.97633526015547,4,89.6173,693.21278,11.454,44.09,4.27334673101088
16.175,218.8,26.3388192982774,7,397.29174,677.48762,20.416,34.459,17.2515860880233
37.937,33.01,12.9282129023733,6,185.15456,676.17095,16.124,29.984,6.1150497518416
544.187,19,2.22852195263437,11,15.96518,672.68487,-2.194,-87.399,-2.07430858375037
279.98,24,9.61399139377168,6,103.51531,660.62288,6.504,32.968,3.99144028134745
0.666,65,1.32103901774857,2,83.76437,660.16906,1.824,6.329,0.602928378005476
20.804,3.1,-2.62142430611026,6,177.26736,653.10076,-18.874,-34.164,-7.04896120111363
38.743,60.10121,10.4713700696515,7,312.83966,653.02534,3.448,6.401,2.89565792347354
84.473,156.9,12.8423522726416,11,186.0827,649.7087,1.015,2.433,0.696940028662076
74.277,67.91312,27.0717875887681,9,348.6774,649.359679,5.363,10.959,4.42209564432823
55.285,60,12.5450037585351,3,117.94634,642.08526,11.734,48.186,8.12951694296798
-101.746,61,-25.0049262945102,21,-140.85431,635.163,-55.675,113.334,-25.1331752636725
400.756,105.726,10.3942029494654,2,101.23065,615.97738,2.351,22.215,2.75044515433343
0.049,3.01,12.425926294417,6,204.49621,613.61349,24.86,34.466,8.61488068001895
15.32,191,25.0147746577427,5,529.32504,613.29357,13.218,17.058,11.631798695955
98.209,3.5,6.99857573118869,6,98.98386,612.6983,0.763,4.083,0.347075879061991
211.412,60,96.1266467522103,1,1059.345129,611.19376,7.475,24.549,32.5879583519229
3.957,27.04554,3.11642842160038,1,126.34039,587.57775,2.677,10.329,1.66573019485506
0,59.3,3.40224787230684,3,69.90294,574.91255,1.787,17.687,1.61298618372481
-33.929,63.76738,4.91957659020224,14,-82.86768,569.44738,2.667,-9.255,0.990491869503377
487.438,42,19.2281851539311,3,44.64768,568.60062,0.593,4.722,0.278142503608244
-8.846,19,12.5516772013281,6,-801.21874,568.33815,17.911,-8.526,8.97261955756445
331.258,49,15.661085276208,10,76.46894,567.72463,8.735,47.895,4.89503295364624
563.967,31.0005,6.23244961796831,4,45.3242,565.82847,3.273,27.853,1.74018485347347
190.656,132.5,11.2165317017345,3,143.50728,563.77072,0.52,2,0.214363168249111
233.942,60.1,1.29039234599764,1,52.22238,556.79732,0.564,3.586,0.336411461175855
39.569,3.0052,15.1075478208856,1,180.17683,553.16416,4.198,21.771,5.31853690593404
35.548,21.03542,16.1814213288557,11,164.90169,552.73964,16.719,29.136,6.47611233382863
80.636,9.03,8.15552027013535,5,134.08806,544.36711,6.501,19.646,3.62945145602202
239.402,14.001,27.4548640864509,3,109.46967,540.3058,15.047,65.287,9.11964932048549
623.202,3.1,11.606667625575,5,26.30088,536.37385,3.632,39.851,1.54250994898428
10.923,12.02024,3.18319425200537,8,379.62378,536.24679,1.145,3.279,1.74808480097401
50.37,180,9.54233917686291,5,190.4787,532.22799,2.459,7.467,1.96883670097847
309.104,3.1,9.76316399388738,5,33.84967,532.20807,-1.154,-9.449,-0.664018560516988
1.508,8.0534,17.0202956241289,4,583.00984,525.89415,7.292,8.149,6.77587685658797
90.236,63.0294,9.24992256255787,9,217.14444,516.92919,4.404,9.832,3.17896606309434
3321.498,9.1,8.48459394125207,5,3.99708,503.14653,3.836,229.139,1.82031862566954
199.303,147,3.18230365407635,6,129.08178,500.82998,-4.336,-16.201,-4.19439151582512
36.708,67.15219,13.747826771597,1,110.07712,498.26217,13.373,34.907,5.78394101241923
50.805,3.01006,7.37285403988915,8,101.76531,497.22441,4.324,9.104,1.17618320468217
17.292,4.207,17.3276975059572,9,314.78401,491.56935,18.063,25.56,12.7097956778632
837.279,3.01,5.05736479119586,6,4.13143,486.74008,15.828,494.784,4.16033325007637
19.189,19,2.83978976033327,2,32.94171,479.76399,5.605,32.173,1.65791432809917
639.077,9,15.1402458324447,4,34.24793,479.550839,5.792,60.003,3.02067657275221
32.105,12,36.3092462398702,4,426.80299,478.87303,22.91,33.536,23.0680889545261
33.142,165,21.7164728103853,3,383.18576,478.26496,10.87,16.088,9.84413744214086
167.571,75,-25.1195434225473,5,127.8163,477.6758,-31.374,-146.655,-29.4314993558393
283.735,24,11.1927634945838,3,45.31472,468.7677,7.652,44.308,3.21239283337994
-90.37,3.01,1.09560166524271,3,-54.17634,467.85252,7.464,-6.136,0.710591448775353
41.079,60,7.58755630207162,6,117.35221,464.04598,3.669,16.677,4.2175195656258
159.938,15,14.5867582847956,4,43.0965,461.39471,17.359,77.091,6.08948892636956
440.229,19,7.02143693737044,5,13.96514,457.82566,3.579,77.165,1.76535539751092
913.106,14.1,8.32342093468001,3,19.84502,457.79848,3.019,38.929,1.2554898808305
102.35,61.3,0.0910181220509545,4,43.072,455.90811,-13.358,-41.698,-2.98315158289244
155.941,148.9,10.9460623573883,8,160.72589,455.46744,2.736,10.27,2.59642928592217
564.781,30,6.50927185688472,7,31.57098,448.04887,2.203,19.069,1.22273045795205
823.303,9,9.05165283669182,11,32.32778,440.82138,1.974,58.278,3.22444721651195
263.78,54,15.0427938566193,4,49.58711,437.79999,-2.204,-11.66,-1.00796941544014
-114.367,39.18526,7.16312222970927,7,-27.47829,437.73384,2.405,-21.58,0.913150785874814
197.332,16,22.3984604469595,5,95.30604,432.40342,15.532,67.085,14.7862313392433
138.645,3.01,13.9088247960916,2,121.48408,428.56367,2.532,7.576,1.60786844111168
1373.538,9,4.1415439228012,5,15.25874,428.50614,0.83,18.602,0.352429022370601
220.854,80,14.0007305951255,3,86.49924,426.15599,3.798,15.077,2.26415219277511
149.608,15,21.8211845587723,6,290.01196,422.31685,2.171,7.101,3.9859352808334
424.472,3.006,4.4742109290398,4,36.54539,415.44711,2.199,18.456,1.2176351401265
169.67,66.1,-2.36664934041998,3,90.21529,411.67907,-9.401,-35.948,-5.99265777522587
215.696,9,3.77078993547,2,53.29221,401.75269,1,4.115,0.409406095078044
64.754,30,13.3468804446245,8,133.14603,397.001329,10.793,21.286,2.47529312956065
122.745,24,7.38667571816226,4,26.95518,395.83882,0.569,3.968,-0.114554201631866
36.129,42.07085,-1.86746603611583,5,136.88304,395.13811,-4.725,-9.964,-2.58887961983723
156.746,34,13.8629075730546,4,58.2107,392.42474,9.751,36.609,4.07289305969853
542.857,47.1,15.8307731083224,4,47.33789,386.36578,2.402,19.356,2.37156354788977
71.664,12.02024,19.1577265569665,6,173.40904,379.85645,3.701,6.704,2.29544608232926
235.918,14,2.87210614669903,4,13.66278,377.92301,-0.429,-2.55,-0.106103621475707
25.38,9,26.9167599890692,3,91.01493,373.258,28.875,84.473,15.4485449742537
29.201,18.03036,11.7257934464371,7,309.17313,369.86761,4.012,5.602,3.55375917198572
82.889,100,12.4777201615396,6,107.1817,367.00109,3.187,7.444,1.63063275915611
2127.01,19,2.2802073577332,3,4.53658,360.0348,2.02,72.499,0.913525581416019
5.099,97.6,5.8578811019548,1,104.88282,355.89046,1.434,5.059,1.19017239180842
276.389,14,19.2224318051079,2,77.19846,355.80582,3.67,15.479,2.70166765909539
-20.736,379.3,-21.6292754083318,5,-110.91445,353.27152,-31.891,70.433,-22.1135289932231
110.982,6.01012,7.64547912129395,2,187.54905,351.84963,1.512,6.936,3.69743745360767
489.562,34.09316,11.2979841824785,6,27.01764,349.22159,5.011,36.427,2.07431619562811
5.822,102.8,22.2711523576249,5,502.80005,336.88396,6.392,7.321,8.20131952854033
160.993,21,6.57976689926118,2,40.02264,331.8651,5.208,26.522,2.71876735456666
325.415,60,12.7310314202366,2,51.85332,328.3298,1.951,16.539,1.9423518669338
9.037,60.10121,6.57191748001258,5,135.44572,327.95497,5.866,8.717,2.70015118234067
53.005,78,8.9816354607713,1,283.05911,325.97369,0.663,2.021,1.32560472238688
-1446.266,36.06072,4.33539317189231,3,-8.36926,325.81382,-2.147,113.903,-2.20854847030921
-22.99,3.1,15.3694897536884,6,-71.64188,313.3957,24.655,-38.884,5.4337088862419
288.792,24,9.64043000392365,2,23.1677,303.39072,-0.613,-3.984,-0.259230077966788
-3943.316,122,6.5346174111617,2,-4.20935,302.6196,0.958,-47.9,0.491879992304213
0.204,60.40172,12.607521445833,4,555.27413,301.17205,4.782,6.902,9.26723321732811
55.053,49.28299,3.89104971747902,4,31.8373,300.97765,-5.28,-39.543,-4.80603792341392
27.899,13.52277,12.9128058513939,3,207.69887,294.48983,4.062,5.82,3.07724039230828
133.345,103.3,-1.66235393105384,2,63.70341,294.07089,-5.376,-22.457,-3.64871885143069
510.328,30,-1.32326760618562,3,46.87922,294.03274,-5.361,-42.301,-6.74436799112915
0.215,84,15.3743126820333,6,209.02773,292.43454,5.161,5.788,3.11444464143601
59.837,14.1,10.5818461967612,3,38.43246,292.02597,7.149,43.508,5.16203404786225
237.005,15,20.2511804963931,3,60.97492,289.95006,17.56,80.847,12.7563174154887
-136.235,75,10.8371369374403,7,-152.11542,289.89391,-15.659,23.176,-9.12109536899206
51.778,25,7.54388337617337,4,18.42824,288.44123,9.446,59.713,2.83990607029376
748.613,60.1,0.888389843255363,3,60.38186,285.879,0.05,0.622,0.0985941604664911
364.374,3.01,3.66342048929164,5,84.29945,285.50109,0.405,3.234,0.719054322536919
10.108,65.1,-0.654180814884293,1,61.16947,282.8551,-8.551,-14.571,-2.74010744541757
196.777,120.20242,19.9386257213,2,234.66585,282.65799,2.714,8.35,6.23990724100177
4.912,12.02024,17.484230746711,1,89.72183,280.60777,24.8,46.906,11.2484376323578
-418.858,12.02024,6.10216333033887,3,-42.5823,276.38821,4.63,-22.151,3.41289159910258
1313.049,48,11.5066817612841,3,43.30808,271.62,-0.658,-14.094,-1.72738384507768
76.303,12,23.7349575104313,6,239.10183,270.33341,6.694,16.011,10.6212916857003
172.378,3.60607,16.2339117949581,2,28.39222,268.86049,6.732,25.238,1.47097224505819
251.402,117.5,5.61035023269714,2,25.29888,265.54688,1.325,22.697,2.16237524613356
-40.964,3.00506,3.92811192019602,3,-244.48263,259.28332,1.714,-0.973,0.40637785724126
-268.872,3.00506,59.1067724960638,5,-185.62855,258.07826,27.142,-48.009,34.5320330352506
834.089,26,9.08707968301442,3,27.5362,252.21084,0.584,8.467,0.609093566319354
265.126,14,5.6313559369337,2,15.9223,250.81668,2.311,24.591,1.56108437445229
66.264,3.006,19.086216576039,3,98.36413,249.372,8.619,21.628,6.27381582535329
208.748,20,8.68894655709931,4,24.15468,247.25735,4.248,24.686,2.11507160454482
210.505,3.1,15.5260698423612,4,26.96025,247.14342,20.429,118.002,9.65441442867465
239.67,17,8.95267789005742,1,33.7258,246.84994,6.84,32.325,3.31234838460969
-11.272,4,1.01563710028791,5,-426.47408,246.335789,1.382,-0.523,1.01074270345854
28.031,20,20.3990445688712,3,65.27048,245.6064,32.84,66.387,13.2319556819366
297.956,19,17.3495963564478,3,55.98064,245.39349,4.371,21.93,3.75213702694395
255.241,64,-6.82456994842054,2,30.76247,241.34605,-20.539,-108.045,-13.7717315033745
3514.764,66,10.2579904805308,1,23.87044,239.49596,-6.992,-322.186,-38.3467875032285
393.657,30,4.57963009033599,1,18.85415,236.95183,-7.823,-75.139,-4.70538017606701
-219.893,3.2,45.2144374534618,2,-38.52307,236.56665,86.519,-242.161,39.4341552370125
-271.975,17,5.750336189956,8,-17.1093,235.66416,4.203,-29.737,1.62033525807893
2.382,363.52211,-18.235008722915,2,502.62528,234.30548,-8.816,-9.754,-15.7277710863851
195.128,66.6,24.2748242756729,2,194.6629,233.32,4.159,16.96,12.027644436825
88.916,129.198,5.56569982990552,2,68.80627,229.97478,2.625,13.959,4.1841690249273
39.403,20,17.8072276876717,2,55.78048,225.66,8.117,15.626,2.85276079056988
-163.518,9.01,-7.40328193988746,2,-14.40217,223.98224,-32.7,215.647,-10.477951706893
25.843,30,-4.52140710768689,3,37.11873,221.87584,-15.638,-44.431,-5.7174499035136
136.571,45,10.7090631104412,2,80.68733,221.63274,3.797,10.552,2.87570780381996
12.092,803.1,-5.37257996410138,4,850.8097,220.71243,-1.833,-2.206,-36.5706881639766
15.086,1651.548,14.1592833940731,4,1754.3149,219.25772,0.814,1.002,8.06528704176063
285.195,42,19.2319865740163,3,63.18725,216.297,7.172,31.708,7.87366445211908
492.001,9,7.83142154986656,1,16.89168,214.77271,3.002,32.118,1.85837525148656
30.11,260.8,8.54049510340508,3,206.25751,213.54125,0.24,0.429,0.310839240661933
1.743,60.5,44.8949420351598,1,126.83315,213.49943,39.588,69.732,31.2087042415805
-443.293,12,-13.3657392117492,3,-12.63347,212.67952,-33.227,259.981,-11.5824363342554
64.506,105.2,17.4145354976038,2,79.49728,203.22414,18.622,38.916,12.9400375368792
370.658,16.1,15.0570643997716,2,22.55554,201.30677,4.479,33.671,3.2068171378439
8820.034,22.01,11.286659996065,2,1.67918,197.05369,-4.833,-734.755,-6.26117176491341
61.508,60.1,-14.6028974688109,3,17.29576,192.68059,-17.718,-200.223,-17.9728482251378
1005.699,14.1,17.4815215586741,3,18.85056,186.1223,3.02,36.154,3.21136156172581
-81.72,12.02024,-12.4263810413933,4,-140.89894,184.13327,-3.07,16.236,-9.31978578104495
446.096,97,28.77580429489,4,21.31159,183.67921,13.569,121.023,10.5313824030493
3324.494,12.75,-4.4811525354841,2,4.10337,183.0538,-5.073,-280.96,-4.72354575540087
145.492,23.1,18.5824324387488,1,30.16901,181.85165,12.809,41.142,6.8254591036155
19.426,50,-0.517626383278168,3,415.44948,176.15582,-3.453,-4.452,-10.4997723038614
681.813,19,20.055526327747,2,24.16888,175.84091,0.294,2.656,0.273844124214325
45.421,32.75456,19.6324234241751,3,16.8717,174.37455,24.201,164.434,15.9099134592749
135.517,63,0.132191329915983,1,9.22331,172.74264,-4.679,-37.869,-2.02200923411579
-38247.944,19.5,-1.60084700906131,1,-0.233,171.22367,-17.679,8302.36,-8.82517002468175
177.933,3.1,18.1125105432316,2,28.61079,163.54094,14.899,57.747,7.57701404920383
257.456,17.01,16.1112272572858,2,25.27624,161.96066,11.438,43.604,5.10385670199171
10746.072,3,6.15707711080691,2,0.37007,161.443,-3.942,-710.657,-1.62901457480349
-219.017,3.2,16.7741803187317,3,-29.1961,159.119669,23.692,-57.468,8.03265316343491
180.34,14.7,15.0452607331414,1,33.13733,157.79793,8.509,29.743,4.65290641011577
196.499,9,9.11282448721436,2,48.33328,151.97286,-2.69,-9.994,-2.80640898644666
39.743,58.29817,13.6778709077186,1,176.66722,151.72588,4.074,5.912,5.16296890154798
-782.266,29,-11.9449345943715,3,-5.76453,149.58575,-39.289,431.386,-12.4915240923684
33.326,3.006,16.9378791458785,3,72.24519,146.60584,10.063,25.173,9.30378353277059
46.774,3.00506,17.2261187152268,2,70.31594,146.485,9.171,18.138,6.53019080451923
114.217,14.1,0.811181154144192,1,14.5558,146.16094,2.059,9.019,0.843180127330872
33.1,9,13.5451849622401,1,77.85021,143.20085,7.721,12.747,5.11148502260985
22.595,66,29.9429867010226,4,101.93579,139.77616,15.249,23.061,12.800265796399
237.941,34,0.202383040081762,2,12.76939,138.50963,-10.29,-55.877,-3.95759486181575
84.239,20.6,-21.4931498630265,2,5.84807,136.6688,-48.029,-594.246,-25.4278445409633
455.598,63.1,2.12544955465504,1,14.78191,135.9957,2.588,19.554,1.5646744713252
15.194,18,36.6984392917244,2,30.95233,134.298,25.179,136.406,23.5787204574901
1276.19,30,31.5155256215974,2,32.97329,134.0475,0.337,4.67,0.996224579521431
1479.1,9,11.6684298254723,3,11.5128,132.13028,1.547,29.101,1.90175938475269
488.009,22.02,6.18362764161723,1,15.62893,130.47797,-5.806,-39.105,-3.58265849664276
28.902,3.00506,22.5699216027304,1,59.31429,129.76855,14.586,38.083,13.0551817061992
112.263,116.4,-3.151752680755,2,79.51458,128.1036,-3.02,-12.818,-6.30802815576598
57.002,3.00506,22.6521958549147,1,91.24802,126.73504,10.101,17.194,10.1161540273986
12.457,3.00506,4.68236620257904,4,118.60933,125.07829,0.772,1.246,0.92194526543402
-269.554,24,18.3760443443124,1,-7.4418,125.01265,18.416,-209.95,9.3735154002415
102.576,20,13.4092299395836,3,41.08921,123.91575,5.377,12.854,3.20360589956302
734.066,9,9.82675921538018,1,8.208629,123.76185,1.17,11.758,0.584946007190423
-121.082,9.2,-5.65293336559754,2,-2.01963,122.94325,-31.37,501.473,-8.23786584460717
17.079,9,29.1653068711591,1,103.6331,121.92397,19.716,29.526,18.8228450894439
-1084.915,9.01,8.67857224512058,1,-4.77976,120.71708,-4.433,67.433,-2.67001156754289
25.191,3,22.0487767846181,1,23.81757,118.02623,9.314,46.548,7.04503566707163
-133.649,3.00506,-5.23055362466319,6,-159.96488,115.96645,-6.568,11.165,-11.9996201914808
-34.619,3.00506,32.6113915725994,1,-41.97522,115.47238,95.622,-77.188,21.043950077066
191.777,15,-8.68041995472459,1,3.09261,115.23595,-26.644,-514.447,-10.3365290712846
376.665,30.8,23.5677233679964,2,42.93166,115.012,4.294,33.244,10.5481688867249
25.257,12.02024,110.805133421278,4,106.21119,112.66726,5.595,7.965,34.2197883509995
116.087,12,0.517796078571941,1,12.61606,112.34712,-6.317,-24.124,-2.04553193777332
375.69,9,29.713726928114,1,7.86936,109.14474,27.459,324.12,23.3691701496563
269.872,10,12.0223572250627,1,14.06916,106.006,6.859,30.666,3.42554195045563
48.436,26.02382,-2.42594671027803,1,9.084,105.91123,-2.762,-32.323,-2.77235945612189
193.33,18,8.71505899151196,2,16.02028,102.82581,1.802,7.022,1.09410273549024
27.321,51.144,5.0842198928306,1,50.77504,102.268,-2.724,-4.066,-1.94254312199319
-177.083,14.006,-2.07139877493543,1,-23.96552,100.80285,-18.87,23.374,-6.0282819384571
61.02,15.19,13.918134847222,2,20.13761,99.16185,5.104,39.453,6.76731021052955
-252.587,3.1,5.53513618004049,3,-87.42337,98.289,1.052,-1.76,1.17451596821618
20.852,42.5,11.6463742908022,2,47.95103,96.588,2.182,3.243,2.18886404108171
6160.85,24.001,20.6970767687188,1,7.72297,94.84436,-1.281,-91.82,-7.47675454818821
1.441,10,41.3890487162607,1,87.23055,91.1407,23.888,28.24,20.2715382927364
809.598,3.1,5.01955451727094,1,4.77223,89.60078,8.999,94.213,3.76343822006907
93.22,18,21.7722902916697,2,41.32083,89.14262,11.578,29.385,11.5778849668094
2.58,99,1.87225450410211,1,40.11462,88.15575,1.36,3.704,1.26437583481509
112.442,47,54.0927796942069,1,100.68834,88.08048,7.834,20.861,17.8858017122522
-81.572,22.9,8.80057796900934,2,-21.45341,81.41613,1.573,-2.923,0.770449295489727
172.04,9,17.8012372900395,1,14.63181,78.16114,2.769,11.853,1.6161995590136
770.58,9,-7.30034915682342,1,1.03393,72.6894,-23.711,-881.198,-12.5341246454091
279.565,9,2.72033331563542,1,5.70567,72.14334,-3.699,-21.615,-1.51205566481818
764.665,9,21.227161703768,1,9.19272,68.30249,4.16,44.346,4.47641074285872
4407.369,3.00506,23.3668912788017,1,2.75932,67.227,3.076,322.804,9.93551697978491
106.46,14,17.2709169230387,1,24.67191,64.3271,13.053,29.803,8.95905458197245
8.58,12.02024,35.449390144739,1,160.70869,61.49,3.975,4.359,8.26031875101643
252.943,9,8.82857007231753,1,9.66785,60.67132,-3.943,-19.245,-2.29998292438668
-289.814,3.00506,28.6664986986637,1,-15.11367,60.1305,4.066,-49.154,12.3549280315314
-715.765,36,22.4330317667531,1,-11.33629,59.25944,12.203,-78.379,6.22511788839044
997.884,10,-2.13699025622519,1,7.30543,55.42,-2.849,-39.666,-3.92149043666546
59.198,3.00506,19.1889376393428,1,30.34462,55.16074,8.845,17.541,6.31146355179427
6.211,49.884,-31.3633030548626,1,30.33389,54.15399,-35.896,-91.002,-50.9741202818112
31.271,9.2,6.6977177809949,1,10.657,52.7732,1.954,6.808,1.03124313098315
42.216,3.02,30.2331950207469,1,31.3089,50.61,5.274,8.376,5.18203912270302
71.699,40,23.6557434050342,1,24.2294,46.64846,9.334,23.064,11.9798166970571
15.428,15,25.0748131684061,1,38.29353,37.2528,16.079,19.509,15.0405607095306
260,13.5,-29.2307692307692,1,4,37,-62.5,-225,-34.6153846153846
573.919,3.00506,30.2628267055786,1,134.96951,26.26103,0.104,1.61,6.46604493426191
